USE TMDT_HCSDL;
GO

-------------------------------- Tao du lieu mau Users -----------------------------------

INSERT INTO Users
VALUES 
('4C222B01-F1C5-4307-92A7-208E1FF2A80B', N'Nguyễn Văn', N'An', 'nguyenvanan', 'password123', 'M', '1998-07-06', 'an.nguyen@example.com'),
('B74E67B5-3FAA-4E14-8CC5-0741B34AC1F7', N'Nguyễn Thị', N'Bích', 'nguyenthibich', 'password123', 'F', '1997-03-15', 'bich.nguyen@example.com'),
('6A1902EC-83B5-4EF9-BEEC-D9EDA8780AD3', N'Lê Văn', N'Cường', 'levancuong', 'password123', 'M', '1995-08-21', 'cuong.le@example.com'),
('C51B0243-499E-4D81-AB79-583635379222', N'Lê Thị', N'Diệu', 'lethidieu', 'password123', 'F', '2000-11-12', 'dieu.le@example.com'),
('7BE96FB6-3D73-4CB0-8CA9-DB34828E98A6', N'Trần Văn', N'Đạt', 'tranvandat', 'password123', 'M', '1993-04-18', 'dat.tran@example.com'),
('4E9C06F4-9CC0-4466-90BA-D24DDE3D9951', N'Trần Thị', N'Em', 'tranthiem', 'password123', 'F', '1999-09-07', 'em.tran@example.com'),
('F67509E4-E0E8-4363-99E7-62390F2CE185', N'Phạm Văn', N'Phong', 'phamvanphong', 'password123', 'M', '1994-06-13', 'phong.pham@example.com'),
('E2F283F8-B3B6-495F-9F23-A59505211D65', N'Phạm Thị', N'Hoa', 'phamthihoa', 'password123', 'F', '1996-12-24', 'hoa.pham@example.com'),
('138EC4BA-F781-4888-A19C-4DECD8B0C4F6', N'Hoàng Văn', N'Khánh', 'hoangvankhanh', 'password123', 'M', '1992-10-25', 'khanh.hoang@example.com'),
('978125C2-1459-46DC-8F1D-12E0E43F1063', N'Hoàng Thị', N'Liên', 'hoangthilien', 'password123', 'F', '1998-02-19', 'lien.hoang@example.com'),
('CD56AB62-1C05-401C-B16B-1D41A1519EC0', N'Vũ Văn', N'Thắng', 'vuvantrang', 'password123', 'M', '2001-01-01', 'thang.vu@example.com'),
('0752959D-355A-41E6-BCDD-62E3F60737F8', N'Vũ Thị', N'Mai', 'vuthimai', 'password123', 'F', '1993-03-10', 'mai.vu@example.com'),
('1E1E41F4-6861-4D46-9A95-3F964D21F2B5', N'Võ Văn', N'Thành', 'vovanthanh', 'password123', 'M', '1990-07-15', 'thanh.vo@example.com'),
('1C9BDB9B-13E7-4F43-A315-7BDF968DBE09', N'Võ Thị', N'Tuyết', 'vothituyet', 'password123', 'F', '1995-09-09', 'tuyet.vo@example.com'),
('47942346-733C-4317-A3BD-DDB2BDB17AA1', N'Bùi Văn', N'Tú', 'buivantum', 'password123', 'M', '1997-05-17', 'tu.bui@example.com'),
('F0C03192-568C-4E9D-A719-5681C1EA1C54', N'Bùi Thị', N'Lan', 'buithilan', 'password123', 'F', '1994-08-28', 'lan.bui@example.com'),
('BEC6E538-9B2F-4C3F-AD32-E18AE3255DB5', N'Doãn Văn', N'Dũng', 'doanvandung', 'password123', 'M', '1991-12-11', 'dung.doan@example.com'),
('86D2604F-4650-40BF-B171-A8E6E8849023', N'Doãn Thị', N'Hương', 'doanthihuong', 'password123', 'F', '1998-03-22', 'huong.doan@example.com'),
('68FAEA19-81E1-46C0-928A-497BBDA7454F', N'Đỗ Văn', N'Tiến', 'dovantien', 'password123', 'M', '1996-04-09', 'tien.do@example.com'),
('54A40A30-B51C-4082-AF18-542D9D643095', N'Đỗ Thị', N'Quỳnh', 'dothiquynh', 'password123', 'F', '1992-10-30', 'quynh.do@example.com'),
('4F618F2F-C11A-46F8-A37F-92A11F30AFF9', N'Tô Văn', N'Lâm', 'tovanlam', 'password123', 'M', '2000-05-27', 'lam.to@example.com'),
('00D15D09-AE0B-43B3-AD65-1CEF0C595E2C', N'Tô Thị', N'Hồng', 'tothihong', 'password123', 'F', '1999-08-01', 'hong.to@example.com'),
('5AAA4397-7C12-47E0-83A6-2B104E7F4C03', N'Hà Văn', N'Sơn', 'havanson', 'password123', 'M', '1994-07-08', 'son.ha@example.com'),
('E1F297CE-BCAF-4244-9997-DBF743CD0F6F', N'Hà Thị', N'Hạnh', 'hathihanh', 'password123', 'F', '1993-06-18', 'hanh.ha@example.com'),
('F11B525F-6517-4216-9EAF-9E78BD75DB78', N'Chu Văn', N'Trường', 'chuvantruong', 'password123', 'M', '1997-01-20', 'truong.chu@example.com'),
('23B54DAA-4DC9-4FF7-9587-CB7A86866093', N'Chu Thị', N'Ngọc', 'chuthingoc', 'password123', 'F', '1996-09-17', 'ngoc.chu@example.com'),
('9A4BC12B-CD41-4409-A80E-83A035759E01', N'Dương Văn', N'Tú', 'duongvantu', 'password123', 'M', '1992-04-14', 'tu.duong@example.com'),
('DEC48823-CA3C-4F08-9AC0-C9C169494EF4', N'Dương Thị', N'Yến', 'duongthiyen', 'password123', 'F', '2000-07-25', 'yen.duong@example.com'),
('4F8B3593-A0FA-4DF0-AB7C-842D056033DC', N'Tống Văn', N'Thịnh', 'tongvanthinh', 'password123', 'M', '1995-08-30', 'thinh.tong@example.com');

--SELECT * FROM Users;

--DELETE FROM U_Addresses;

INSERT INTO U_Addresses
VALUES
('4C222B01-F1C5-4307-92A7-208E1FF2A80B', N'123 Nguyễn Văn Cừ, Quận 1, TP.HCM'),
('B74E67B5-3FAA-4E14-8CC5-0741B34AC1F7', N'56 Lê Hồng Phong, Hải Phòng'),
('6A1902EC-83B5-4EF9-BEEC-D9EDA8780AD3', N'8 Nguyễn Du, Quận 5, TP.HCM'),
('C51B0243-499E-4D81-AB79-583635379222', N'11 Lý Thường Kiệt, Hà Nội'),
('7BE96FB6-3D73-4CB0-8CA9-DB34828E98A6', N'12 Lý Thường Kiệt, Hà Nội'),
('4E9C06F4-9CC0-4466-90BA-D24DDE3D9951', N'80 Bạch Đằng, Quảng Ninh'),
('F67509E4-E0E8-4363-99E7-62390F2CE185', N'35 Trần Bình, Hà Nội'),
('E2F283F8-B3B6-495F-9F23-A59505211D65', N'92 Tô Hiến Thành, TP.HCM'),
('138EC4BA-F781-4888-A19C-4DECD8B0C4F6', N'40 Đặng Văn Ngữ, TP.HCM'),
('978125C2-1459-46DC-8F1D-12E0E43F1063', N'120 Phan Đăng Lưu, TP.HCM'),
('CD56AB62-1C05-401C-B16B-1D41A1519EC0', N'27 Phạm Hùng, TP.HCM'),
('0752959D-355A-41E6-BCDD-62E3F60737F8', N'12 Đường Láng, Hà Nội'),
('1E1E41F4-6861-4D46-9A95-3F964D21F2B5', N'25 Bùi Viện, Quận 1, TP.HCM'),
('1C9BDB9B-13E7-4F43-A315-7BDF968DBE09', N'10 Võ Thị Sáu, TP.HCM'),
('47942346-733C-4317-A3BD-DDB2BDB17AA1', N'101 Nguyễn Thiện Thuật, TP.HCM'),
('F0C03192-568C-4E9D-A719-5681C1EA1C54', N'55 Mai Dịch, Hà Nội'),
('BEC6E538-9B2F-4C3F-AD32-E18AE3255DB5', N'60 Lạc Long Quân, Hà Nội'),
('86D2604F-4650-40BF-B171-A8E6E8849023', N'29 Cầu Giấy, Hà Nội'),
('68FAEA19-81E1-46C0-928A-497BBDA7454F', N'28 Cầu Giấy, Hà Nội'),
('54A40A30-B51C-4082-AF18-542D9D643095', N'47 Ngô Quyền, Quận 1, TP.HCM'),
('4F618F2F-C11A-46F8-A37F-92A11F30AFF9', N'5 Nguyễn Thái Học, Quảng Ngãi'),
('00D15D09-AE0B-43B3-AD65-1CEF0C595E2C', N'150 Phan Đình Phùng, Quảng Ninh'),
('5AAA4397-7C12-47E0-83A6-2B104E7F4C03', N'14 Nguyễn Trãi, TP.HCM'),
('E1F297CE-BCAF-4244-9997-DBF743CD0F6F', N'6 Hoàng Quốc Việt, TP.HCM'),
('F11B525F-6517-4216-9EAF-9E78BD75DB78', N'85 Phạm Ngọc Thạch, TP.HCM'),
('23B54DAA-4DC9-4FF7-9587-CB7A86866093', N'86 Phạm Ngọc Thạch, TP.HCM'),
('9A4BC12B-CD41-4409-A80E-83A035759E01', N'91 Nguyễn Chí Thanh, Hà Nội'),
('DEC48823-CA3C-4F08-9AC0-C9C169494EF4', N'33 Phan Đình Phùng, Hải Phòng'),
('4F8B3593-A0FA-4DF0-AB7C-842D056033DC', N'10 Nguyễn Khang, Hà Nội'),
('4C222B01-F1C5-4307-92A7-208E1FF2A80B', N'12 Nguyễn Khang, Hà Nội'),
('B74E67B5-3FAA-4E14-8CC5-0741B34AC1F7', N'7 Hồ Tùng Mậu, Hà Nội'),
('6A1902EC-83B5-4EF9-BEEC-D9EDA8780AD3', N'22 Lê Văn Lương, Hà Nội'),
('C51B0243-499E-4D81-AB79-583635379222', N'30 Trường Chinh, TP.HCM');

--SELECT * FROM U_Addresses
--ORDER BY uid;
GO

INSERT INTO U_Phones
VALUES
('4C222B01-F1C5-4307-92A7-208E1FF2A80B', '09091234567'),
('B74E67B5-3FAA-4E14-8CC5-0741B34AC1F7', '09092345678'),
('6A1902EC-83B5-4EF9-BEEC-D9EDA8780AD3', '09093456789'),
('C51B0243-499E-4D81-AB79-583635379222', '09094567890'),
('7BE96FB6-3D73-4CB0-8CA9-DB34828E98A6', '09095678901'),
('4E9C06F4-9CC0-4466-90BA-D24DDE3D9951', '09096789012'),
('F67509E4-E0E8-4363-99E7-62390F2CE185', '09097890123'),
('E2F283F8-B3B6-495F-9F23-A59505211D65', '09098901234'),
('138EC4BA-F781-4888-A19C-4DECD8B0C4F6', '09099012345'),
('978125C2-1459-46DC-8F1D-12E0E43F1063', '09091234567'),
('CD56AB62-1C05-401C-B16B-1D41A1519EC0', '09092345678'),
('0752959D-355A-41E6-BCDD-62E3F60737F8', '09093456789'),
('1E1E41F4-6861-4D46-9A95-3F964D21F2B5', '09094567890'),
('1C9BDB9B-13E7-4F43-A315-7BDF968DBE09', '09095678901'),
('47942346-733C-4317-A3BD-DDB2BDB17AA1', '09096789012'),
('F0C03192-568C-4E9D-A719-5681C1EA1C54', '09097890123'),
('BEC6E538-9B2F-4C3F-AD32-E18AE3255DB5', '09098901234'),
('86D2604F-4650-40BF-B171-A8E6E8849023', '09099012345'),
('68FAEA19-81E1-46C0-928A-497BBDA7454F', '09091234567'),
('54A40A30-B51C-4082-AF18-542D9D643095', '09092345678'),
('4F618F2F-C11A-46F8-A37F-92A11F30AFF9', '09093456789'),
('00D15D09-AE0B-43B3-AD65-1CEF0C595E2C', '09094567890'),
('5AAA4397-7C12-47E0-83A6-2B104E7F4C03', '09095678901'),
('E1F297CE-BCAF-4244-9997-DBF743CD0F6F', '09096789012'),
('F11B525F-6517-4216-9EAF-9E78BD75DB78', '09097890123'),
('23B54DAA-4DC9-4FF7-9587-CB7A86866093', '09098901234'),
('9A4BC12B-CD41-4409-A80E-83A035759E01', '09099012345'),
('DEC48823-CA3C-4F08-9AC0-C9C169494EF4', '09091234567'),
('4F8B3593-A0FA-4DF0-AB7C-842D056033DC', '09092345678');

--SELECT * FROM U_Phones
--ORDER BY uid;
GO

-------------------------------- Tao du lieu mau Bank_accounts -----------------------------------


INSERT INTO Bank_Accounts
VALUES
('B1292293-D584-4DE6-925F-3D2D960E00D4', '4C222B01-F1C5-4307-92A7-208E1FF2A80B', '123456789012', 'Vietcombank'),
('E6620A8E-C37A-4C53-8730-0BFAAEB22366', 'B74E67B5-3FAA-4E14-8CC5-0741B34AC1F7', '987654321011', 'BIDV'),
('1A6D1B46-E105-40E5-9A4C-E250839142CF', '6A1902EC-83B5-4EF9-BEEC-D9EDA8780AD3', '456789123987', 'VietinBank'),
('C32BFF71-8B45-47BC-8D1B-42E272D0EA99', 'C51B0243-499E-4D81-AB79-583635379222', '789123456654', 'Agribank'),
('B1292293-D584-4DE6-925F-3D2D960E00D4', '7BE96FB6-3D73-4CB0-8CA9-DB34828E98A6', '112233445577', 'Vietcombank'),
('E6620A8E-C37A-4C53-8730-0BFAAEB22366', '4E9C06F4-9CC0-4466-90BA-D24DDE3D9951', '334455667799', 'BIDV'),
('1A6D1B46-E105-40E5-9A4C-E250839142CF', 'F67509E4-E0E8-4363-99E7-62390F2CE185', '556677889033', 'VietinBank'),
('C32BFF71-8B45-47BC-8D1B-42E272D0EA99', 'E2F283F8-B3B6-495F-9F23-A59505211D65', '667788990022', 'Agribank'),
('B1292293-D584-4DE6-925F-3D2D960E00D4', '138EC4BA-F781-4888-A19C-4DECD8B0C4F6', '223344556699', 'Vietcombank'),
('E6620A8E-C37A-4C53-8730-0BFAAEB22366', '978125C2-1459-46DC-8F1D-12E0E43F1063', '889900112044', 'BIDV'),
('1A6D1B46-E105-40E5-9A4C-E250839142CF', 'CD56AB62-1C05-401C-B16B-1D41A1519EC0', '334455667778', 'VietinBank'),
('C32BFF71-8B45-47BC-8D1B-42E272D0EA99', '0752959D-355A-41E6-BCDD-62E3F60737F8', '556677889911', 'Agribank'),
('B1292293-D584-4DE6-925F-3D2D960E00D4', '1E1E41F4-6861-4D46-9A95-3F964D21F2B5', '667788990044', 'Vietcombank'),
('E6620A8E-C37A-4C53-8730-0BFAAEB22366', '1C9BDB9B-13E7-4F43-A315-7BDF968DBE09', '223344556700', 'BIDV'),
('1A6D1B46-E105-40E5-9A4C-E250839142CF', '47942346-733C-4317-A3BD-DDB2BDB17AA1', '889900112055', 'VietinBank'),
('C32BFF71-8B45-47BC-8D1B-42E272D0EA99', 'F0C03192-568C-4E9D-A719-5681C1EA1C54', '556677889922', 'Agribank'),
('B1292293-D584-4DE6-925F-3D2D960E00D4', 'BEC6E538-9B2F-4C3F-AD32-E18AE3255DB5', '112233445600', 'Vietcombank'),
('E6620A8E-C37A-4C53-8730-0BFAAEB22366', '86D2604F-4650-40BF-B171-A8E6E8849023', '334455667800', 'BIDV'),
('1A6D1B46-E105-40E5-9A4C-E250839142CF', '68FAEA19-81E1-46C0-928A-497BBDA7454F', '556677889933', 'VietinBank'),
('C32BFF71-8B45-47BC-8D1B-42E272D0EA99', '54A40A30-B51C-4082-AF18-542D9D643095', '667788990055', 'Agribank'),
('B1292293-D584-4DE6-925F-3D2D960E00D4', '4F618F2F-C11A-46F8-A37F-92A11F30AFF9', '223344556711', 'Vietcombank'),
('E6620A8E-C37A-4C53-8730-0BFAAEB22366', '00D15D09-AE0B-43B3-AD65-1CEF0C595E2C', '334455667811', 'BIDV'),
('1A6D1B46-E105-40E5-9A4C-E250839142CF', '5AAA4397-7C12-47E0-83A6-2B104E7F4C03', '556677889944', 'VietinBank'),
('C32BFF71-8B45-47BC-8D1B-42E272D0EA99', 'E1F297CE-BCAF-4244-9997-DBF743CD0F6F', '667788990066', 'Agribank'),
('B1292293-D584-4DE6-925F-3D2D960E00D4', 'F11B525F-6517-4216-9EAF-9E78BD75DB78', '223344556722', 'Vietcombank'),
('E6620A8E-C37A-4C53-8730-0BFAAEB22366', '23B54DAA-4DC9-4FF7-9587-CB7A86866093', '334455667822', 'BIDV'),
('1A6D1B46-E105-40E5-9A4C-E250839142CF', '9A4BC12B-CD41-4409-A80E-83A035759E01', '556677889955', 'VietinBank'),
('C32BFF71-8B45-47BC-8D1B-42E272D0EA99', 'DEC48823-CA3C-4F08-9AC0-C9C169494EF4', '667788990077', 'Agribank'),
('B1292293-D584-4DE6-925F-3D2D960E00D4', '4F8B3593-A0FA-4DF0-AB7C-842D056033DC', '223344556733', 'Vietcombank');
GO

--SELECT * FROM Bank_Accounts;


-------------------------------- Tao du lieu mau Customers -----------------------------------

--DELETE FROM Customers;

--SELECT *
--FROM Customers;

INSERT INTO Customers
VALUES
('4C222B01-F1C5-4307-92A7-208E1FF2A80B', 'default', FLOOR(RAND() * 10) * 100),
('B74E67B5-3FAA-4E14-8CC5-0741B34AC1F7', 'default', FLOOR(RAND() * 100) * 100),
('6A1902EC-83B5-4EF9-BEEC-D9EDA8780AD3', 'default', FLOOR(RAND() * 100) * 100),
('C51B0243-499E-4D81-AB79-583635379222', 'default', FLOOR(RAND() * 100) * 100),
('7BE96FB6-3D73-4CB0-8CA9-DB34828E98A6', 'default', FLOOR(RAND() * 100) * 100),
('4E9C06F4-9CC0-4466-90BA-D24DDE3D9951', 'default', FLOOR(RAND() * 200) * 100),
('F67509E4-E0E8-4363-99E7-62390F2CE185', 'default', FLOOR(RAND() * 1000) * 100),
('E2F283F8-B3B6-495F-9F23-A59505211D65', 'default', FLOOR(RAND() * 1000) * 100),
('138EC4BA-F781-4888-A19C-4DECD8B0C4F6', 'default', FLOOR(RAND() * 1000) * 100),
('978125C2-1459-46DC-8F1D-12E0E43F1063', 'default', FLOOR(RAND() * 1000) * 100),
('CD56AB62-1C05-401C-B16B-1D41A1519EC0', 'default', FLOOR(RAND() * 1000) * 100),
('0752959D-355A-41E6-BCDD-62E3F60737F8', 'default', FLOOR(RAND() * 10) * 100),
('1E1E41F4-6861-4D46-9A95-3F964D21F2B5', 'default', FLOOR(RAND() * 10) * 100),
('1C9BDB9B-13E7-4F43-A315-7BDF968DBE09', 'default', FLOOR(RAND() * 100) * 100),
('47942346-733C-4317-A3BD-DDB2BDB17AA1', 'default', FLOOR(RAND() * 100) * 100),
('F0C03192-568C-4E9D-A719-5681C1EA1C54', 'default', FLOOR(RAND() * 100) * 100),
('BEC6E538-9B2F-4C3F-AD32-E18AE3255DB5', 'default', FLOOR(RAND() * 100) * 100),
('86D2604F-4650-40BF-B171-A8E6E8849023', 'default', FLOOR(RAND() * 100) * 100),
('68FAEA19-81E1-46C0-928A-497BBDA7454F', 'default', FLOOR(RAND() * 10) * 100),
('54A40A30-B51C-4082-AF18-542D9D643095', 'default', FLOOR(RAND() * 100) * 100),
('4F618F2F-C11A-46F8-A37F-92A11F30AFF9', 'default', FLOOR(RAND() * 500) * 100),
('00D15D09-AE0B-43B3-AD65-1CEF0C595E2C', 'default', FLOOR(RAND() * 500) * 100),
('5AAA4397-7C12-47E0-83A6-2B104E7F4C03', 'default', FLOOR(RAND() * 500) * 100),
('E1F297CE-BCAF-4244-9997-DBF743CD0F6F', 'default', FLOOR(RAND() * 500) * 100),
('F11B525F-6517-4216-9EAF-9E78BD75DB78', 'default', FLOOR(RAND() * 1000) * 100);

GO;


-------------------------------- Tao du lieu mau Sellers -----------------------------------
--DELETE FROM Sellers;

INSERT INTO Sellers
VALUES
('68FAEA19-81E1-46C0-928A-497BBDA7454F', 'Active', '2024-12-09 08:00:00', '2023-12-01'),
('54A40A30-B51C-4082-AF18-542D9D643095', 'Active', '2024-12-08 09:30:00', '2022-11-15'),
('4F618F2F-C11A-46F8-A37F-92A11F30AFF9', 'Active', '2024-12-07 14:20:00', '2021-10-20'),
('00D15D09-AE0B-43B3-AD65-1CEF0C595E2C', 'Active', '2024-12-06 07:10:00', '2020-09-15'),
('5AAA4397-7C12-47E0-83A6-2B104E7F4C03', 'Active', '2024-12-05 18:50:00', '2023-08-25'),
('E1F297CE-BCAF-4244-9997-DBF743CD0F6F', 'Active', '2024-12-04 10:00:00', '2022-06-30'),
('F11B525F-6517-4216-9EAF-9E78BD75DB78', 'Active', '2024-12-03 13:40:00', '2021-05-05'),
('23B54DAA-4DC9-4FF7-9587-CB7A86866093', 'Active', '2024-12-02 16:25:00', '2020-04-10'),
('9A4BC12B-CD41-4409-A80E-83A035759E01', 'Active', '2024-12-01 17:00:00', '2023-03-20'),
('DEC48823-CA3C-4F08-9AC0-C9C169494EF4', 'Active', '2024-12-10 11:30:00', '2022-02-15'),
('4F8B3593-A0FA-4DF0-AB7C-842D056033DC', 'Active', '2024-12-11 08:15:00', '2021-01-10');
GO;

--SELECT cus.uid 
--FROM Customers AS cus
--JOIN Sellers AS sel ON cus.uid = sel.uid;

--SELECT * FROM Sellers;



-------------------------------- Tao du lieu mau Shops -----------------------------------

--DELETE FROM Shops;

INSERT INTO Shops (sid, uid, name, address, logo, avg_rating)
VALUES
('F130F211-3800-4819-A07A-08C684F5ABF1', '54A40A30-B51C-4082-AF18-542D9D643095', N'Shop Dâu Tây', N'Số 12, Phố Trần Phú, Quận Ba Đình, Hà Nội', 'nshop_dau_tay_logo.png', NULL),
('9E8F7F43-37C9-44FD-A302-2134ACB33BA8', '5AAA4397-7C12-47E0-83A6-2B104E7F4C03', N'Keyboard Hasagi', N'Số 10, Đường Lê Lai, Quận 1, TP.HCM', 'keyboard_hasagi_logo.png', NULL),
('D981A200-5C95-4634-9954-2BA7672B3EED', '4F618F2F-C11A-46F8-A37F-92A11F30AFF9', N'Style Lab', N'Số 7, Phan Chu Trinh, Quận Hải Châu, Đà Nẵng', 'style_lab_logo.png', NULL),
('BD1DF1F3-C75F-4A16-B1F3-38F07DFD93B0', 'E1F297CE-BCAF-4244-9997-DBF743CD0F6F', N'Vải Xinh', N'Số 14, Chợ Mới, Quận Ninh Kiều, Cần Thơ', 'vai_xinh_logo.png', NULL),
('324C2D1B-C56D-4FE0-B512-3B311C973CEF', '00D15D09-AE0B-43B3-AD65-1CEF0C595E2C', N'Lụa Vàng', N'Số 30, Đường Nguyễn Văn Cừ, Quận Long Biên, Hà Nội', 'lua_vang_logo.png', NULL),
('0E598DA8-E985-44DD-9220-47F8C8A4EE3D', '4F8B3593-A0FA-4DF0-AB7C-842D056033DC', N'Cái Gì Đó', N'Số 24, Đường Võ Văn Kiệt, Quận 5, TP.HCM', 'cai_gi_do_logo.png', NULL),
('EADFCE73-054E-4892-B31F-515C9FB6567B', '68FAEA19-81E1-46C0-928A-497BBDA7454F', N'Gấu Trắng', N'Số 19, Nguyễn Thị Minh Khai, Quận 10, TP.HCM', 'gau_trang_logo.png', NULL),
('9E6E3CAF-E34A-4E63-976F-5315BE32A4ED', '23B54DAA-4DC9-4FF7-9587-CB7A86866093', N'Thời Trang Yến', N'Số 8, Lý Tự Trọng, Quận Ngô Quyền, Hải Phòng', 'thoitrangyen_logo.png', NULL),
('ACE7F94B-CB5A-40A9-A8D4-5467E44CE5E6', 'F11B525F-6517-4216-9EAF-9E78BD75DB78', N'Mango Xinh', N'Số 27, Đường Trần Hưng Đạo, Quận Bình Thạnh, TP.HCM', 'mango_xinh_logo.png', NULL),
('BFC4B204-D739-4935-9811-6D7763141554', '5AAA4397-7C12-47E0-83A6-2B104E7F4C03', N'Tiệm Duy Anh', N'Số 5, Phạm Ngọc Thạch, Quận Đống Đa, Hà Nội', 'tiem_duy_anh_logo.png', NULL),
('C4D7AA60-46FC-46DB-B38E-85480B2DAA93', '9A4BC12B-CD41-4409-A80E-83A035759E01', N'E-Dresses', N'Số 21, Đường Quang Trung, Quận Gò Vấp, TP.HCM', 'e_dresses_logo.png', NULL),
('90D56C1D-B659-4019-83EC-90BA80EE10FD', 'DEC48823-CA3C-4F08-9AC0-C9C169494EF4', N'Đẹp Từng Milimet', N'Số 3, Đường Nguyễn Hữu Cảnh, Quận Bình Thạnh, TP.HCM', 'dep_tung_milimet_logo.png', NULL),
('EC2A67AC-C4D1-4EF0-A376-B424194D8848', '4F8B3593-A0FA-4DF0-AB7C-842D056033DC', N'Áo Thun Năng Động', N'Số 15, Đường Bạch Mai, Quận Hai Bà Trưng, Hà Nội', 'ao_thun_nang_dong_logo.png', NULL),
('CC2F44C8-0D28-4A0E-BAFE-C3643C321605', '54A40A30-B51C-4082-AF18-542D9D643095', N'Shop Vải Sắc', N'Số 11, Đường Trần Bình Trọng, Quận 5, TP.HCM', 'shop_vai_sac_logo.png', NULL),
('36C787D6-F5C6-48D2-AFB4-E3442FFEE6E3', '54A40A30-B51C-4082-AF18-542D9D643095', N'Balo Xinh', N'Số 22, Đường Điện Biên Phủ, Quận Bình Thạnh, TP.HCM', 'balo_xinh_logo.png', NULL);

GO;

--SELECT sel.uid, COUNT(*) AS shop_count
--FROM Sellers AS sel
--JOIN Shops AS s ON sel.uid = s.uid 
--GROUP BY sel.uid;

--SELECT * FROM Shops


-------------------------------- Tao du lieu mau Vouchers -----------------------------------

--DELETE FROM Vouchers;

INSERT INTO Vouchers (vid, dis_percent, dis_val, start_date, end_date, dis_type, max_amount, min_spent, remain_quantity, sid)
VALUES
('18591A7A-37F7-4670-BA93-027D317B6BFA', 15, NULL, '2024-12-09 10:30:00', '2024-12-19 10:30:00', 'percentage', 500000, 200000, 10, 'F130F211-3800-4819-A07A-08C684F5ABF1'),
('5ABD9748-19A3-4875-A384-13125C60B0DF', NULL, 100000, '2024-12-09 10:30:00', '2024-12-19 10:30:00', 'value', NULL, 300000, 8, 'F130F211-3800-4819-A07A-08C684F5ABF1'),
('DD1237D1-5C4D-4232-A760-24EAE6623CB6', 10, NULL, '2024-12-09 10:30:00', '2024-12-19 10:30:00', 'percentage', 300000, 200000, 50, 'F130F211-3800-4819-A07A-08C684F5ABF1'),
('B5EB350F-3905-402B-9332-27917E474F3D', 25, NULL, '2024-12-09 14:00:00', '2024-12-29 14:00:00', 'percentage', 600000, 100000, 5, '9E8F7F43-37C9-44FD-A302-2134ACB33BA8'),
('006F387D-AB60-4E9C-AC3B-33DE3422BB41', NULL, 120000, '2024-12-09 14:00:00', '2024-12-29 14:00:00', 'value', NULL, 350000, 15, '9E8F7F43-37C9-44FD-A302-2134ACB33BA8'),
('DEDE4EF1-249F-4055-B474-3DB5B0D3E798', 5, NULL, '2024-12-09 14:00:00', '2024-12-14 14:00:00', 'percentage', 200000, 100000, 50, '9E8F7F43-37C9-44FD-A302-2134ACB33BA8'),
('F7BC50A1-6F49-499D-A858-489701181D3F', 30, NULL, '2024-12-10 09:15:00', '2024-12-30 09:15:00', 'percentage', 700000, 100000, 8, 'D981A200-5C95-4634-9954-2BA7672B3EED'),
('15E8D088-676F-401C-A692-5303D5666651', NULL, 150000, '2024-12-10 09:15:00', '2024-12-30 09:15:00', 'value', NULL, 400000, 10, 'D981A200-5C95-4634-9954-2BA7672B3EED'),
('5608E2B3-C86C-4852-8E01-61D317A32B00', 20, NULL, '2024-12-10 09:15:00', '2024-12-20 09:15:00', 'percentage', 500000, 150000, 20, 'D981A200-5C95-4634-9954-2BA7672B3EED'),
('661F4C68-CB4F-4DC1-86BD-71D9A338B553', 10, NULL, '2024-12-11 11:00:00', '2024-12-21 11:00:00', 'percentage', 300000, 100000, 30, 'BD1DF1F3-C75F-4A16-B1F3-38F07DFD93B0'),
('37385B41-9C65-475E-950C-7C26C9B73243', NULL, 50000, '2024-12-11 11:00:00', '2024-12-21 11:00:00', 'value', NULL, 250000, 40, 'BD1DF1F3-C75F-4A16-B1F3-38F07DFD93B0'),
('55AE8E78-DD6F-41A0-86D3-8587D9B96FFB', 18, NULL, '2024-12-12 12:30:00', '2024-12-22 12:30:00', 'percentage', 550000, 200000, 6, '324C2D1B-C56D-4FE0-B512-3B311C973CEF'),
('AB4689DF-4FB1-401F-AD44-861CF9D88B16', NULL, 120000, '2024-12-12 12:30:00', '2024-12-22 12:30:00', 'value', NULL, 400000, 10, '324C2D1B-C56D-4FE0-B512-3B311C973CEF'),
('CE4A4623-680E-4124-BFEF-8FEBCB8D665E', 12, NULL, '2024-12-12 12:30:00', '2024-12-19 12:30:00', 'percentage', 300000, 150000, 25, '324C2D1B-C56D-4FE0-B512-3B311C973CEF'),
('B740AC55-368E-4EE6-83F1-905F01BD238E', 10, NULL, '2024-12-13 13:45:00', '2024-12-23 13:45:00', 'percentage', 400000, 100000, 20, '0E598DA8-E985-44DD-9220-47F8C8A4EE3D'),
('65DCDE82-E874-4FFE-8D1A-9C2E21466FA6', NULL, 90000, '2024-12-13 13:45:00', '2024-12-23 13:45:00', 'value', NULL, 300000, 12, '0E598DA8-E985-44DD-9220-47F8C8A4EE3D'),
('75A4F6F8-B945-4BE0-933F-ACEC2D9B6F09', 20, NULL, '2024-12-14 15:00:00', '2024-12-24 15:00:00', 'percentage', 600000, 200000, 5, '9E6E3CAF-E34A-4E63-976F-5315BE32A4ED'),
('86C6FCA2-1E70-4B53-AAAA-C577C98A088B', NULL, 200000, '2024-12-14 15:00:00', '2024-12-24 15:00:00', 'value', NULL, 400000, 10, '9E6E3CAF-E34A-4E63-976F-5315BE32A4ED'),
('476C70C6-A266-4BCA-AC7F-C988292D7AF8', 12, NULL, '2024-12-15 16:00:00', '2024-12-25 16:00:00', 'percentage', 450000, 150000, 30, 'BFC4B204-D739-4935-9811-6D7763141554'),
('F9A68E34-125E-4928-9BBE-DBCD312DFE67', NULL, 80000, '2024-12-15 16:00:00', '2024-12-25 16:00:00', 'value', NULL, 300000, 15, 'BFC4B204-D739-4935-9811-6D7763141554'),
('0C2586F6-5F04-48C7-8E23-DCAE281E2BA9', 18, NULL, '2024-12-16 17:00:00', '2024-12-26 17:00:00', 'percentage', 500000, 100000, 8, 'C4D7AA60-46FC-46DB-B38E-85480B2DAA93'),
('9F7BA563-538D-414B-867A-DDEBF4DA256E', NULL, 100000, '2024-12-16 17:00:00', '2024-12-26 17:00:00', 'value', NULL, 250000, 20, 'C4D7AA60-46FC-46DB-B38E-85480B2DAA93'),
('A6D1867E-BA9E-4882-AF3B-E0A8CB92A284', 25, NULL, '2024-12-17 18:30:00', '2024-12-27 18:30:00', 'percentage', 700000, 100000, 5, 'EC2A67AC-C4D1-4EF0-A376-B424194D8848'),
('D94E852B-6864-48B1-A635-E722CFF12138', NULL, 180000, '2024-12-17 18:30:00', '2024-12-27 18:30:00', 'value', NULL, 350000, 10, 'EC2A67AC-C4D1-4EF0-A376-B424194D8848');


--SELECT * FROM Vouchers;

--SELECT s.sid, COUNT(*) AS voucher_count
--FROM Shops AS s
--JOIN Vouchers AS v ON s.sid = v.sid 
--GROUP BY s.sid;

-------------------------------- Tao du lieu mau Voucher_Own -----------------------------------
--DELETE FROM Voucher_Own;

INSERT INTO Voucher_Own (vid, uid)
VALUES
    ('18591A7A-37F7-4670-BA93-027D317B6BFA', 'B74E67B5-3FAA-4E14-8CC5-0741B34AC1F7'),
    ('5ABD9748-19A3-4875-A384-13125C60B0DF', '978125C2-1459-46DC-8F1D-12E0E43F1063'),
    ('DD1237D1-5C4D-4232-A760-24EAE6623CB6', '00D15D09-AE0B-43B3-AD65-1CEF0C595E2C'),
    ('B5EB350F-3905-402B-9332-27917E474F3D', 'CD56AB62-1C05-401C-B16B-1D41A1519EC0'),
    ('006F387D-AB60-4E9C-AC3B-33DE3422BB41', '4C222B01-F1C5-4307-92A7-208E1FF2A80B'),
    ('DEDE4EF1-249F-4055-B474-3DB5B0D3E798', '5AAA4397-7C12-47E0-83A6-2B104E7F4C03'),
    ('F7BC50A1-6F49-499D-A858-489701181D3F', '1E1E41F4-6861-4D46-9A95-3F964D21F2B5'),
    ('15E8D088-676F-401C-A692-5303D5666651', '68FAEA19-81E1-46C0-928A-497BBDA7454F'),
    ('5608E2B3-C86C-4852-8E01-61D317A32B00', '138EC4BA-F781-4888-A19C-4DECD8B0C4F6'),
    ('661F4C68-CB4F-4DC1-86BD-71D9A338B553', '54A40A30-B51C-4082-AF18-542D9D643095'),
    ('37385B41-9C65-475E-950C-7C26C9B73243', 'F0C03192-568C-4E9D-A719-5681C1EA1C54'),
    ('55AE8E78-DD6F-41A0-86D3-8587D9B96FFB', 'C51B0243-499E-4D81-AB79-583635379222'),
    ('AB4689DF-4FB1-401F-AD44-861CF9D88B16', 'F67509E4-E0E8-4363-99E7-62390F2CE185'),
    ('CE4A4623-680E-4124-BFEF-8FEBCB8D665E', '0752959D-355A-41E6-BCDD-62E3F60737F8'),
    ('B740AC55-368E-4EE6-83F1-905F01BD238E', '1C9BDB9B-13E7-4F43-A315-7BDF968DBE09'),
    ('65DCDE82-E874-4FFE-8D1A-9C2E21466FA6', '4F618F2F-C11A-46F8-A37F-92A11F30AFF9'),
    ('75A4F6F8-B945-4BE0-933F-ACEC2D9B6F09', 'F11B525F-6517-4216-9EAF-9E78BD75DB78'),
    ('86C6FCA2-1E70-4B53-AAAA-C577C98A088B', 'E2F283F8-B3B6-495F-9F23-A59505211D65'),
    ('476C70C6-A266-4BCA-AC7F-C988292D7AF8', '86D2604F-4650-40BF-B171-A8E6E8849023'),
    ('F9A68E34-125E-4928-9BBE-DBCD312DFE67', '4E9C06F4-9CC0-4466-90BA-D24DDE3D9951'),
    ('0C2586F6-5F04-48C7-8E23-DCAE281E2BA9', '6A1902EC-83B5-4EF9-BEEC-D9EDA8780AD3'),
    ('9F7BA563-538D-414B-867A-DDEBF4DA256E', '7BE96FB6-3D73-4CB0-8CA9-DB34828E98A6'),
    ('A6D1867E-BA9E-4882-AF3B-E0A8CB92A284', 'E1F297CE-BCAF-4244-9997-DBF743CD0F6F'),
    ('D94E852B-6864-48B1-A635-E722CFF12138', '47942346-733C-4317-A3BD-DDB2BDB17AA1'),
    ('18591A7A-37F7-4670-BA93-027D317B6BFA', 'BEC6E538-9B2F-4C3F-AD32-E18AE3255DB5'),
    ('5ABD9748-19A3-4875-A384-13125C60B0DF', 'B74E67B5-3FAA-4E14-8CC5-0741B34AC1F7'),
    ('DD1237D1-5C4D-4232-A760-24EAE6623CB6', '978125C2-1459-46DC-8F1D-12E0E43F1063'),
    ('B5EB350F-3905-402B-9332-27917E474F3D', '00D15D09-AE0B-43B3-AD65-1CEF0C595E2C'),
    ('006F387D-AB60-4E9C-AC3B-33DE3422BB41', 'CD56AB62-1C05-401C-B16B-1D41A1519EC0'),
    ('DEDE4EF1-249F-4055-B474-3DB5B0D3E798', '4C222B01-F1C5-4307-92A7-208E1FF2A80B'),
    ('F7BC50A1-6F49-499D-A858-489701181D3F', '5AAA4397-7C12-47E0-83A6-2B104E7F4C03'),
    ('15E8D088-676F-401C-A692-5303D5666651', '1E1E41F4-6861-4D46-9A95-3F964D21F2B5'),
    ('5608E2B3-C86C-4852-8E01-61D317A32B00', '68FAEA19-81E1-46C0-928A-497BBDA7454F'),
    ('661F4C68-CB4F-4DC1-86BD-71D9A338B553', '138EC4BA-F781-4888-A19C-4DECD8B0C4F6');

--SELECT * FROM Voucher_Own



-------------------------------- Tao du lieu mau Courier_Services -----------------------------------
--DELETE FROM Courier_Services;

INSERT INTO Courier_Services
VALUES
('01FD51A2-A1EB-40BD-AC32-25AE1F008287', N'Giao Hàng Nhanh', 'support@ghn.vn'),
('2C8583DF-135B-4796-9ED9-53F873D3218E', N'Giao Hàng Tiết Kiệm', 'support@ghtk.vn'),
('47EBC16D-9859-4431-877B-7697CE05884E', N'VNPost', 'support@vnpost.vn'),
('C4990CE0-1779-4D41-A9D0-8E6DFFE44989', N'J&T Express', 'support@jtexpress.vn');

--SELECT * FROM Courier_Services


--CS_Phones
INSERT INTO CS_Phones VALUES 
('01FD51A2-A1EB-40BD-AC32-25AE1F008287', '0912345678'),
('01FD51A2-A1EB-40BD-AC32-25AE1F008287', '0987654321'),
('01FD51A2-A1EB-40BD-AC32-25AE1F008287', '0909123456'),
('2C8583DF-135B-4796-9ED9-53F873D3218E', '0912123456'),
('2C8583DF-135B-4796-9ED9-53F873D3218E', '0923456789'),
('47EBC16D-9859-4431-877B-7697CE05884E', '0919876543'),
('C4990CE0-1779-4D41-A9D0-8E6DFFE44989', '0902345678'),
('C4990CE0-1779-4D41-A9D0-8E6DFFE44989', '0918765432'),
('C4990CE0-1779-4D41-A9D0-8E6DFFE44989', '0981234567');

--SELECT * FROM CS_Phones
--CS_Addresses
-- Courier Service 1
INSERT INTO CS_Addresses VALUES 
('01FD51A2-A1EB-40BD-AC32-25AE1F008287', N'12 Nguyễn Trường Tộ, Quận 1, TP.HCM'),
('01FD51A2-A1EB-40BD-AC32-25AE1F008287', N'Số 22, Đường Điện Biên Phủ, Quận Bình Thạnh, TP.HCM'),
('01FD51A2-A1EB-40BD-AC32-25AE1F008287', N'45 Nguyễn Văn Linh, Quận Hải Châu, Đà Nẵng'),
('2C8583DF-135B-4796-9ED9-53F873D3218E', N'17 Lê Lợi, Quận Hoàn Kiếm, Hà Nội'),
('2C8583DF-135B-4796-9ED9-53F873D3218E', N'98 Bạch Đằng, Quận Sơn Trà, Đà Nẵng'),
('47EBC16D-9859-4431-877B-7697CE05884E', N'25 Nguyễn Huệ, Quận 1, TP.HCM'),
('C4990CE0-1779-4D41-A9D0-8E6DFFE44989', N'56 Lý Tự Trọng, Quận Hải Châu, Đà Nẵng'),
('C4990CE0-1779-4D41-A9D0-8E6DFFE44989', N'3 Phan Chu Trinh, Quận Hoàn Kiếm, Hà Nội'),
('C4990CE0-1779-4D41-A9D0-8E6DFFE44989', N'12 Cát Dài, Quận Lê Chân, Hải Phòng');

--SELECT * FROM CS_Addresses

-------------------------------- Tao du lieu mau Categories -----------------------------------
--DELETE FROM Categories;

--danh muc cha
INSERT INTO Categories VALUES 
('B0272D2D-9EBA-43C1-B46E-48D0791A35ED', N'Điện thoại & Phụ kiện', NULL),
('01C13221-835B-4635-98F4-BF215E7232C3', N'Laptop & Máy tính bảng', NULL),
('5F0C5C8C-51DA-458E-A519-C77896458630', N'Đồ điện tử', NULL),
('E6D017C3-5C0D-4E6E-8438-F3731ABC9889', N'Thời trang', NULL);

-- danh muc con
INSERT INTO Categories (cid, name, cpid) VALUES 
('1D055A43-F012-4141-BCED-A658B38451A1', N'Điện thoại thông minh', 'B0272D2D-9EBA-43C1-B46E-48D0791A35ED'),
('0017D0D1-C089-4466-8A6F-A1AE9778FAC8', N'Phụ kiện điện thoại', 'B0272D2D-9EBA-43C1-B46E-48D0791A35ED'),
('A4AA3274-AD0B-4356-A21A-9D462A123FAF', N'Laptop văn phòng', '01C13221-835B-4635-98F4-BF215E7232C3'),
('DDA13EAC-76FF-4F8D-AFE6-5AB52FDC5A8B', N'Laptop chơi game', '01C13221-835B-4635-98F4-BF215E7232C3'),
('A33CC19A-0F97-4CFF-BABE-36CC322B98FF', N'Máy ảnh kỹ thuật số', '5F0C5C8C-51DA-458E-A519-C77896458630'),
('35A97685-06B2-4E5F-BF1C-DD26673659E1', N'Tivi', '5F0C5C8C-51DA-458E-A519-C77896458630'),
('C441AED9-A223-4831-9F51-15DAFADF8931', N'Thời trang nam', 'E6D017C3-5C0D-4E6E-8438-F3731ABC9889'),
('47A48B3D-1564-4F52-88D0-7EC6A6D7738B', N'Thời trang nữ', 'E6D017C3-5C0D-4E6E-8438-F3731ABC9889');

--SELECT * FROM Categories;


-------------------------------- Tao du lieu mau Brands -----------------------------------
--DELETE FROM Brands;

INSERT INTO Brands (bid, name) VALUES 
('AA818D6E-1F46-442E-84E8-096934E0DAC1', N'Apple'),
('DA41A459-2BB6-42E4-BC17-88E4CB9ED434', N'ASUS'),
('885CD347-61ED-4315-8E0C-8F1F48F496E6', N'Sony'),
('0E71583F-7857-43FD-8DDF-F3BECF7AE357', N'Nike');

--SELECT * FROM Brands;


-------------------------------- Tao du lieu mau Products -----------------------------------
--DELETE FROM Products;


INSERT INTO Products (pid, image, manufactor_date, current_price, name, description, avg_rating, remain_quantity, bid, cid, sid) VALUES 
('FB08A93F-21D2-4CE2-9B4B-427DF23FBBBD', 'image1.jpg', '2024-12-09', 12990000, N'Điện thoại Apple iPhone 14', N'Một chiếc điện thoại mạnh mẽ với màn hình OLED 6.1 inch, camera 12MP', 4.5, 100, 'AA818D6E-1F46-442E-84E8-096934E0DAC1', '1D055A43-F012-4141-BCED-A658B38451A1', 'F130F211-3800-4819-A07A-08C684F5ABF1'),
('DB0D05F1-C189-4FE5-B026-EC8B609EA338', 'image2.jpg', '2024-12-09', 23990000, N'Laptop ASUS ZenBook 14', N'Laptop mỏng nhẹ, hiệu năng cao với chip Intel Core i7, màn hình 14 inch Full HD', 4.7, 50, 'DA41A459-2BB6-42E4-BC17-88E4CB9ED434', 'A4AA3274-AD0B-4356-A21A-9D462A123FAF', '9E8F7F43-37C9-44FD-A302-2134ACB33BA8'),
('B3C077E7-6B4A-4740-9603-6C0331B07FA9', 'image3.jpg', '2024-12-09', 18990000, N'Tivi Sony 55 inch', N'Tivi 55 inch 4K với công nghệ HDR, âm thanh sống động', 4.8, 30, '885CD347-61ED-4315-8E0C-8F1F48F496E6', '35A97685-06B2-4E5F-BF1C-DD26673659E1', 'D981A200-5C95-4634-9954-2BA7672B3EED'),
('579EFD3E-E2EF-4BD3-93B7-DFE4B71B013B', 'image4.jpg', '2024-12-09', 17990000, N'Giày thể thao Nike Air Max', N'Giày thể thao Nike Air Max 2024 thiết kế thể thao, thoải mái cho mọi hoạt động', 4.6, 80, '0E71583F-7857-43FD-8DDF-F3BECF7AE357', 'C441AED9-A223-4831-9F51-15DAFADF8931', 'BD1DF1F3-C75F-4A16-B1F3-38F07DFD93B0'),
('8DA6A33E-3929-4F8B-827A-29E886424786', 'image5.jpg', '2024-12-09', 39990000, N'Apple iPad Pro 11 inch', N'Máy tính bảng Apple iPad Pro với màn hình 11 inch và chip M2 mạnh mẽ', 4.9, 40, 'AA818D6E-1F46-442E-84E8-096934E0DAC1', '01C13221-835B-4635-98F4-BF215E7232C3', '324C2D1B-C56D-4FE0-B512-3B311C973CEF'),
('130BF481-3848-445A-B562-31CC589265C4', 'image6.jpg', '2024-12-09', 7499000, N'Máy ảnh kỹ thuật số Sony Alpha 6000', N'Máy ảnh mirrorless Sony Alpha 6000 với khả năng chụp ảnh sắc nét', 4.4, 60, '885CD347-61ED-4315-8E0C-8F1F48F496E6', 'A33CC19A-0F97-4CFF-BABE-36CC322B98FF', '0E598DA8-E985-44DD-9220-47F8C8A4EE3D'),
('C8632A4B-50AC-4B3E-84D0-F1A006EB448D', 'image7.jpg', '2024-12-09', 7999000, N'Phụ kiện điện thoại Apple', N'Thực hiện sạc nhanh và bảo vệ điện thoại Apple với bộ sạc chính hãng', 4.6, 200, 'AA818D6E-1F46-442E-84E8-096934E0DAC1', '0017D0D1-C089-4466-8A6F-A1AE9778FAC8', 'EADFCE73-054E-4892-B31F-515C9FB6567B'),
('732607FF-524C-42DA-9C47-2188505DE8FC', 'image8.jpg', '2024-12-09', 15990000, N'Điện thoại ASUS Zenfone 9', N'Một chiếc điện thoại cao cấp với camera 50MP và màn hình AMOLED', 4.5, 70, 'DA41A459-2BB6-42E4-BC17-88E4CB9ED434', '1D055A43-F012-4141-BCED-A658B38451A1', '9E6E3CAF-E34A-4E63-976F-5315BE32A4ED'),
('FEA1FC64-5653-418F-B853-DB468241A020', 'image9.jpg', '2024-12-09', 26990000, N'Laptop gaming ASUS ROG', N'Laptop chơi game cao cấp với card đồ họa RTX 3060 và màn hình 144Hz', 4.8, 20, 'DA41A459-2BB6-42E4-BC17-88E4CB9ED434', 'DDA13EAC-76FF-4F8D-AFE6-5AB52FDC5A8B', 'ACE7F94B-CB5A-40A9-A8D4-5467E44CE5E6'),
('E1057FE0-4D00-4FF2-8557-41EEB885E7CB', 'image10.jpg', '2024-12-09', 4499000, N'Thắt lưng da nam', N'Thắt lưng da nam thiết kế đơn giản, phong cách và bền bỉ', 4.3, 150, '0E71583F-7857-43FD-8DDF-F3BECF7AE357', 'C441AED9-A223-4831-9F51-15DAFADF8931', 'BFC4B204-D739-4935-9811-6D7763141554'),
('26C3437B-ADA5-4815-92D9-C8D6FF36B306', 'image11.jpg', '2024-12-09', 17990000, N'Máy ảnh Sony A7 III', N'Máy ảnh Sony A7 III chuyên nghiệp, cảm biến Full-frame, chụp ảnh độ phân giải cao', 4.7, 25, '885CD347-61ED-4315-8E0C-8F1F48F496E6', 'A33CC19A-0F97-4CFF-BABE-36CC322B98FF', 'C4D7AA60-46FC-46DB-B38E-85480B2DAA93'),
('063BC9CA-D801-4079-B9FC-C5B188F1D089', 'image12.jpg', '2024-12-09', 21990000, N'Apple MacBook Pro 14 inch', N'Laptop Apple MacBook Pro 14 inch với chip M1 Pro và màn hình Retina', 4.9, 15, 'AA818D6E-1F46-442E-84E8-096934E0DAC1', 'A4AA3274-AD0B-4356-A21A-9D462A123FAF', '90D56C1D-B659-4019-83EC-90BA80EE10FD');

INSERT INTO Products (pid, image, manufactor_date, current_price, name, description, avg_rating, remain_quantity, bid, cid, sid) VALUES 
('EFDFEADD-438C-43A3-977E-292B9F8A7C76', 'image13.jpg', '2024-12-09', 14990000, N'Apple MacBook Air 13 inch', N'MacBook Air với màn hình Retina 13 inch, chip M2 mạnh mẽ', 4.8, 10, 'AA818D6E-1F46-442E-84E8-096934E0DAC1', '01C13221-835B-4635-98F4-BF215E7232C3', 'F130F211-3800-4819-A07A-08C684F5ABF1'),
('A42BEE4C-7B42-4F08-B2DA-0B2C6C65754A', 'image14.jpg', '2024-12-09', 11990000, N'Sony Tivi 65 inch', N'Tivi Sony 65 inch 4K, hỗ trợ công nghệ HDR, âm thanh Dolby', 4.6, 20, '885CD347-61ED-4315-8E0C-8F1F48F496E6', '35A97685-06B2-4E5F-BF1C-DD26673659E1', '9E8F7F43-37C9-44FD-A302-2134ACB33BA8'),
('0ECB3C30-31B2-4A03-A01E-3B7E6883F59E', 'image15.jpg', '2024-12-09', 4999000, N'Giày thể thao Nike Free Run', N'Giày thể thao Nike Free Run thoải mái cho vận động viên', 4.7, 150, '0E71583F-7857-43FD-8DDF-F3BECF7AE357', 'C441AED9-A223-4831-9F51-15DAFADF8931', 'D981A200-5C95-4634-9954-2BA7672B3EED'),
('2C1B545E-5234-4C48-9D8A-1D9A2300D361', 'image16.jpg', '2024-12-09', 25990000, N'Apple iPhone 15 Pro Max', N'Điện thoại cao cấp Apple iPhone 15 Pro Max với chip A17, màn hình OLED', 4.9, 40, 'AA818D6E-1F46-442E-84E8-096934E0DAC1', '1D055A43-F012-4141-BCED-A658B38451A1', '324C2D1B-C56D-4FE0-B512-3B311C973CEF'),
('131D5F61-81D9-4C0A-AE70-BF7E6C2A8A97', 'image17.jpg', '2024-12-09', 27990000, N'ASUS ROG Strix G15', N'Laptop chơi game ASUS với card đồ họa RTX 3070, màn hình 144Hz', 4.8, 15, 'DA41A459-2BB6-42E4-BC17-88E4CB9ED434', 'DDA13EAC-76FF-4F8D-AFE6-5AB52FDC5A8B', '9E6E3CAF-E34A-4E63-976F-5315BE32A4ED'),
('A3F5F881-A580-48D8-9FBA-64E546B7DE61', 'image18.jpg', '2024-12-09', 15990000, N'Máy ảnh Sony A6400', N'Máy ảnh mirrorless Sony A6400 với khả năng chụp ảnh 4K', 4.7, 25, '885CD347-61ED-4315-8E0C-8F1F48F496E6', 'A33CC19A-0F97-4CFF-BABE-36CC322B98FF', 'BD1DF1F3-C75F-4A16-B1F3-38F07DFD93B0'),
('43B56C0F-EA24-49BA-88EC-E028004D35C5', 'image19.jpg', '2024-12-09', 7999000, N'Thắt lưng da nam Louis Vuitton', N'Thắt lưng da nam sang trọng, thiết kế bền bỉ, tinh tế', 4.6, 100, 'AA818D6E-1F46-442E-84E8-096934E0DAC1', 'E6D017C3-5C0D-4E6E-8438-F3731ABC9889', '324C2D1B-C56D-4FE0-B512-3B311C973CEF'),
('DCCF5CD1-550D-4B30-87D9-EF20AB58CFF0', 'image20.jpg', '2024-12-09', 20990000, N'Apple iPad Air 10.9 inch', N'Máy tính bảng iPad Air với màn hình Liquid Retina và chip A14 Bionic', 4.8, 35, 'AA818D6E-1F46-442E-84E8-096934E0DAC1', 'B0272D2D-9EBA-43C1-B46E-48D0791A35ED', '90D56C1D-B659-4019-83EC-90BA80EE10FD'),
('B6F96D1C-EC86-4CC8-A754-B73BC520205F', 'image21.jpg', '2024-12-09', 16990000, N'ASUS VivoBook 14', N'Laptop ASUS VivoBook với màn hình 14 inch Full HD, chip Intel Core i5', 4.5, 50, 'DA41A459-2BB6-42E4-BC17-88E4CB9ED434', 'A4AA3274-AD0B-4356-A21A-9D462A123FAF', '36C787D6-F5C6-48D2-AFB4-E3442FFEE6E3'),
('FD96B90E-0D25-4766-AF36-8D7C5A5CD87D', 'image22.jpg', '2024-12-09', 8999000, N'Giày thể thao Nike Air Force 1', N'Giày thể thao Nike Air Force 1 với thiết kế thể thao, dễ dàng kết hợp trang phục', 4.7, 80, '0E71583F-7857-43FD-8DDF-F3BECF7AE357', 'C441AED9-A223-4831-9F51-15DAFADF8931', '9E6E3CAF-E34A-4E63-976F-5315BE32A4ED'),
('E8A02F1A-A1D0-450A-86E9-A8AFFA3A49B8', 'image23.jpg', '2024-12-09', 3999000, N'Thắt lưng nam Zara', N'Thắt lưng nam da thật, phong cách hiện đại và bền bỉ', 4.4, 120, 'AA818D6E-1F46-442E-84E8-096934E0DAC1', 'E6D017C3-5C0D-4E6E-8438-F3731ABC9889', 'C4D7AA60-46FC-46DB-B38E-85480B2DAA93'),
('ACCC574A-CD89-43B0-89FA-6A6292F11824', 'image24.jpg', '2024-12-09', 4499000, N'Apple AirPods Pro 2', N'Tai nghe không dây Apple AirPods Pro 2 với tính năng chống ồn và âm thanh sắc nét', 4.9, 200, 'AA818D6E-1F46-442E-84E8-096934E0DAC1', 'B0272D2D-9EBA-43C1-B46E-48D0791A35ED', 'F130F211-3800-4819-A07A-08C684F5ABF1');

INSERT INTO Products (pid, image, manufactor_date, current_price, name, description, avg_rating, remain_quantity, bid, cid, sid) VALUES 
('7B1D4D28-AE83-4B81-9EA9-3266F5040198', 'image25.jpg', '2024-12-09', 25990000, N'LG OLED 55 inch', N'Tivi LG OLED 55 inch với độ phân giải 4K và công nghệ Dolby Vision', 4.7, 30, '885CD347-61ED-4315-8E0C-8F1F48F496E6', '35A97685-06B2-4E5F-BF1C-DD26673659E1', 'F130F211-3800-4819-A07A-08C684F5ABF1'),
('767C7DF1-C826-472E-8518-F1F52FA2BB0D', 'image26.jpg', '2024-12-09', 16990000, N'Samsung Galaxy S23 Ultra', N'Điện thoại Samsung Galaxy S23 Ultra với camera 200MP, màn hình Dynamic AMOLED 2X', 4.8, 15, 'AA818D6E-1F46-442E-84E8-096934E0DAC1', '1D055A43-F012-4141-BCED-A658B38451A1', '9E8F7F43-37C9-44FD-A302-2134ACB33BA8'),
('CB0EAFA7-19B1-46A4-865D-773ECE151FA9', 'image27.jpg', '2024-12-09', 7990000, N'Thắt lưng nam Gucci', N'Thắt lưng nam cao cấp Gucci với thiết kế đẳng cấp và chất liệu da thật', 4.9, 100, 'AA818D6E-1F46-442E-84E8-096934E0DAC1', 'E6D017C3-5C0D-4E6E-8438-F3731ABC9889', 'F130F211-3800-4819-A07A-08C684F5ABF1'),
('6CDF27EA-9E74-43AD-BD2B-887D1E9BB896', 'image28.jpg', '2024-12-09', 3999000, N'Giày thể thao Adidas UltraBoost', N'Giày thể thao Adidas UltraBoost với đệm khí giúp tối ưu sự thoải mái khi chạy', 4.8, 75, '0E71583F-7857-43FD-8DDF-F3BECF7AE357', 'C441AED9-A223-4831-9F51-15DAFADF8931', '9E6E3CAF-E34A-4E63-976F-5315BE32A4ED');

INSERT INTO Products (pid, image, manufactor_date, current_price, name, description, avg_rating, remain_quantity, bid, cid, sid) VALUES
('D00E13C5-9D7A-4235-BD4B-416F623409AF', 'image30.jpg', '2024-12-09', 4990000, N'Áo phông Apple', N'Áo phông nam Apple, kiểu dáng đơn giản, chất liệu cotton thoáng mát', 4.5, 50, 'AA818D6E-1F46-442E-84E8-096934E0DAC1', 'C441AED9-A223-4831-9F51-15DAFADF8931', '36C787D6-F5C6-48D2-AFB4-E3442FFEE6E3'),
('1AB8CD31-925E-42FC-BFEB-0F76B3E8E2A4', 'image31.jpg', '2024-12-09', 9990000, N'Bóng đá Asus', N'Bóng đá Asus chất lượng cao, thiết kế chuyên nghiệp cho các trận đấu', 4.6, 120, 'DA41A459-2BB6-42E4-BC17-88E4CB9ED434', 'B0272D2D-9EBA-43C1-B46E-48D0791A35ED', 'EC2A67AC-C4D1-4EF0-A376-B424194D8848'),
('F40B7540-CCD0-4A90-BC7C-1B514C368E5D', 'image32.jpg', '2024-12-09', 1999000, N'Dồng hồ Nike', N'Dồng hồ thể thao Nike với chức năng chống nước và đo nhịp tim', 4.7, 80, '0E71583F-7857-43FD-8DDF-F3BECF7AE357', 'E6D017C3-5C0D-4E6E-8438-F3731ABC9889', 'CC2F44C8-0D28-4A0E-BAFE-C3643C321605'),
('51D6FBBC-12BA-4E92-A8C4-BAF31A8A7E82', 'image33.jpg', '2024-12-09', 8990000, N'Giày thể thao Apple', N'Giày thể thao Apple chất lượng cao, thiết kế đệm nhẹ giúp tăng sự thoải mái khi vận động', 4.8, 45, 'AA818D6E-1F46-442E-84E8-096934E0DAC1', 'C441AED9-A223-4831-9F51-15DAFADF8931', '90D56C1D-B659-4019-83EC-90BA80EE10FD'),
('5789FF20-59B9-4546-B293-1FFD8614E355', 'image34.jpg', '2024-12-09', 3490000, N'Máy tính xách tay ASUS', N'Máy tính xách tay ASUS dành cho công việc văn phòng với màn hình sắc nét', 4.4, 25, 'DA41A459-2BB6-42E4-BC17-88E4CB9ED434', 'A4AA3274-AD0B-4356-A21A-9D462A123FAF', 'C4D7AA60-46FC-46DB-B38E-85480B2DAA93'),
('0AE27690-D089-487F-B636-8EAA682D5B7C', 'image35.jpg', '2024-12-09', 27990000, N'Laptop chơi game Sony', N'Laptop Sony chơi game mạnh mẽ với card đồ họa RTX, màn hình 144Hz', 4.9, 10, '885CD347-61ED-4315-8E0C-8F1F48F496E6', 'DDA13EAC-76FF-4F8D-AFE6-5AB52FDC5A8B', 'BFC4B204-D739-4935-9811-6D7763141554'),
('9C60FFAD-5CC8-4F2A-8C9F-22415091D070', 'image36.jpg', '2024-12-09', 15900000, N'Tivi Sony 4K', N'Tivi Sony 4K, màn hình rộng, âm thanh sống động cho trải nghiệm điện ảnh tại nhà', 4.6, 50, '885CD347-61ED-4315-8E0C-8F1F48F496E6', '35A97685-06B2-4E5F-BF1C-DD26673659E1', 'ACE7F94B-CB5A-40A9-A8D4-5467E44CE5E6'),
('65067700-5888-44DA-9AEE-CE66DFABE0E6', 'image37.jpg', '2024-12-09', 5990000, N'Áo khoác Nike', N'Áo khoác thể thao Nike dành cho mùa đông, chất liệu giữ ấm, phong cách trẻ trung', 4.5, 60, '0E71583F-7857-43FD-8DDF-F3BECF7AE357', 'E6D017C3-5C0D-4E6E-8438-F3731ABC9889', '9E6E3CAF-E34A-4E63-976F-5315BE32A4ED'),
('27FB148A-173B-409E-A876-464148ECDDA9', 'image38.jpg', '2024-12-09', 1399000, N'Phụ kiện Apple', N'Phụ kiện Apple gồm dây sạc, tai nghe Bluetooth, và bộ chuyển đổi USB-C', 4.6, 100, 'AA818D6E-1F46-442E-84E8-096934E0DAC1', 'B0272D2D-9EBA-43C1-B46E-48D0791A35ED', '9E6E3CAF-E34A-4E63-976F-5315BE32A4ED'),
('4BC9D214-855B-4449-8338-CE7DC6AD5B64', 'image39.jpg', '2024-12-09', 1990000, N'Giày thể thao Adidas', N'Giày thể thao Adidas với công nghệ đệm Boost giúp tăng cường sự thoải mái', 4.7, 120, 'DA41A459-2BB6-42E4-BC17-88E4CB9ED434', 'C441AED9-A223-4831-9F51-15DAFADF8931', 'D981A200-5C95-4634-9954-2BA7672B3EED');

--SELECT * FROM Products

-------------------------------- Tao du lieu mau Carts -----------------------------------

INSERT INTO Carts (uid, total_quantity, total_amount)
VALUES
('B74E67B5-3FAA-4E14-8CC5-0741B34AC1F7', 0, 0),
('978125C2-1459-46DC-8F1D-12E0E43F1063', 0, 0),
('00D15D09-AE0B-43B3-AD65-1CEF0C595E2C', 0, 0),
('CD56AB62-1C05-401C-B16B-1D41A1519EC0', 0, 0),
('4C222B01-F1C5-4307-92A7-208E1FF2A80B', 0, 0),
('5AAA4397-7C12-47E0-83A6-2B104E7F4C03', 0, 0),
('1E1E41F4-6861-4D46-9A95-3F964D21F2B5', 0, 0),
('68FAEA19-81E1-46C0-928A-497BBDA7454F', 0, 0),
('138EC4BA-F781-4888-A19C-4DECD8B0C4F6', 0, 0),
('54A40A30-B51C-4082-AF18-542D9D643095', 0, 0),
('F0C03192-568C-4E9D-A719-5681C1EA1C54', 0, 0),
('C51B0243-499E-4D81-AB79-583635379222', 0, 0),
('F67509E4-E0E8-4363-99E7-62390F2CE185', 0, 0),
('0752959D-355A-41E6-BCDD-62E3F60737F8', 0, 0),
('1C9BDB9B-13E7-4F43-A315-7BDF968DBE09', 0, 0),
('4F618F2F-C11A-46F8-A37F-92A11F30AFF9', 0, 0),
('F11B525F-6517-4216-9EAF-9E78BD75DB78', 0, 0),
('E2F283F8-B3B6-495F-9F23-A59505211D65', 0, 0),
('86D2604F-4650-40BF-B171-A8E6E8849023', 0, 0),
('4E9C06F4-9CC0-4466-90BA-D24DDE3D9951', 0, 0),
('6A1902EC-83B5-4EF9-BEEC-D9EDA8780AD3', 0, 0),
('7BE96FB6-3D73-4CB0-8CA9-DB34828E98A6', 0, 0),
('E1F297CE-BCAF-4244-9997-DBF743CD0F6F', 0, 0),
('47942346-733C-4317-A3BD-DDB2BDB17AA1', 0, 0),
('BEC6E538-9B2F-4C3F-AD32-E18AE3255DB5', 0, 0);

--DELETE FROM Add_To_Carts;

--DELETE FROM Carts;

--SELECT * FROM Carts

INSERT INTO Add_To_Carts (uid, pid, current_price, quantity) 
VALUES
('B74E67B5-3FAA-4E14-8CC5-0741B34AC1F7', 'A42BEE4C-7B42-4F08-B2DA-0B2C6C65754A', 100.50, 2),
('978125C2-1459-46DC-8F1D-12E0E43F1063', '1AB8CD31-925E-42FC-BFEB-0F76B3E8E2A4', 50.00, 1),
('00D15D09-AE0B-43B3-AD65-1CEF0C595E2C', 'F40B7540-CCD0-4A90-BC7C-1B514C368E5D', 75.25, 3),
('CD56AB62-1C05-401C-B16B-1D41A1519EC0', '2C1B545E-5234-4C48-9D8A-1D9A2300D361', 120.00, 1),
('4C222B01-F1C5-4307-92A7-208E1FF2A80B', '5789FF20-59B9-4546-B293-1FFD8614E355', 45.00, 4),
('5AAA4397-7C12-47E0-83A6-2B104E7F4C03', '732607FF-524C-42DA-9C47-2188505DE8FC', 89.99, 2),
('1E1E41F4-6861-4D46-9A95-3F964D21F2B5', '9C60FFAD-5CC8-4F2A-8C9F-22415091D070', 60.00, 5),
('68FAEA19-81E1-46C0-928A-497BBDA7454F', 'EFDFEADD-438C-43A3-977E-292B9F8A7C76', 150.00, 1),
('138EC4BA-F781-4888-A19C-4DECD8B0C4F6', '8DA6A33E-3929-4F8B-827A-29E886424786', 35.75, 3),
('54A40A30-B51C-4082-AF18-542D9D643095', '130BF481-3848-445A-B562-31CC589265C4', 70.00, 2),
('F0C03192-568C-4E9D-A719-5681C1EA1C54', '7B1D4D28-AE83-4B81-9EA9-3266F5040198', 55.00, 1),
('C51B0243-499E-4D81-AB79-583635379222', '0ECB3C30-31B2-4A03-A01E-3B7E6883F59E', 95.00, 3),
('F67509E4-E0E8-4363-99E7-62390F2CE185', 'D00E13C5-9D7A-4235-BD4B-416F623409AF', 40.00, 2),
('0752959D-355A-41E6-BCDD-62E3F60737F8', 'E1057FE0-4D00-4FF2-8557-41EEB885E7CB', 88.50, 1),
('1C9BDB9B-13E7-4F43-A315-7BDF968DBE09', 'FB08A93F-21D2-4CE2-9B4B-427DF23FBBBD', 120.75, 4),
('4F618F2F-C11A-46F8-A37F-92A11F30AFF9', '27FB148A-173B-409E-A876-464148ECDDA9', 135.00, 2),
('F11B525F-6517-4216-9EAF-9E78BD75DB78', 'A3F5F881-A580-48D8-9FBA-64E546B7DE61', 105.00, 3),
('E2F283F8-B3B6-495F-9F23-A59505211D65', 'ACCC574A-CD89-43B0-89FA-6A6292F11824', 99.99, 1),
('86D2604F-4650-40BF-B171-A8E6E8849023', 'B3C077E7-6B4A-4740-9603-6C0331B07FA9', 55.00, 5),
('4E9C06F4-9CC0-4466-90BA-D24DDE3D9951', 'CB0EAFA7-19B1-46A4-865D-773ECE151FA9', 75.00, 3);

--SELECT * FROM Add_To_Carts
--SELECT * FROM Carts;
-------------------------------- Tao du lieu mau Orders -----------------------------------
--SELECT * FROM Customers;
--SELECT * FROM Shops;
--SELECT * FROM Courier_Services;
--SELECT * FROM Voucher_Own;
--SELECT * FROM Products;

INSERT INTO Orders (oid, ship_method, complete_date, fee, address, note, actual_delivery_date, estimate_delivery_date, start_date, status, payment_id, 
    payment_type, total_value, total_quantity, uid, sid, csid, vid, tracking_number)
VALUES
    ('D5563116-4614-417E-AE3C-6A5BEF5EF042', 'Standard', '2024-12-13', 10.0, '123 Main St', 'Note 1', '2024-12-13', '2024-12-13', '2024-12-03', 'Completed', '2B4C460F-2D25-414C-A507-3E84806A7DE8', 
		'Prepaid', 0, 0, 'B74E67B5-3FAA-4E14-8CC5-0741B34AC1F7', 'F130F211-3800-4819-A07A-08C684F5ABF1', '01FD51A2-A1EB-40BD-AC32-25AE1F008287', '18591A7A-37F7-4670-BA93-027D317B6BFA', 'A29D7C7C-7903-4D19-A84E-9FBFAF8F4E44'),
    ('31267B5C-5C6C-4F4D-ACC3-F01EE7D7D120', 'Express', NULL, 12.0, '456 Oak St', 'Note 2', NULL, '2024-12-04', '2024-11-24', 'Processing', '9A8CD777-6E08-4FDB-B0D0-5A227FBAAF1B', 
		'Pay on delivery', 0, 0, '978125C2-1459-46DC-8F1D-12E0E43F1063', '9E8F7F43-37C9-44FD-A302-2134ACB33BA8', '2C8583DF-135B-4796-9ED9-53F873D3218E', '5ABD9748-19A3-4875-A384-13125C60B0DF', 'B042955B-D95A-4291-9712-31106722AB8A'),
    ('4533210F-B8CB-473A-AF4E-0771B2175221', 'Free', '2024-12-15', 0, '789 Pine St', 'Note 3', '2024-12-14', '2024-12-15', '2024-12-04', 'Completed', '438C9C0B-685C-4199-B8FE-EB6D1C87F42F', 
		'Prepaid', 0, 0, '00D15D09-AE0B-43B3-AD65-1CEF0C595E2C', 'D981A200-5C95-4634-9954-2BA7672B3EED', '47EBC16D-9859-4431-877B-7697CE05884E', NULL, 'E355AFF9-21EB-46D4-93DA-0CF6688C3022'),
    ('22B21A72-2773-4107-8E01-A46B6FD779EB', 'Standard', NULL, 15.0, '101 Maple St', NULL, NULL, '2024-12-06', '2024-11-24', 'Shipped', 'ECDC1CF5-E2CC-469C-BEF8-187FF45216F7', 
		'Pay on delivery', 0, 0, 'CD56AB62-1C05-401C-B16B-1D41A1519EC0', 'BD1DF1F3-C75F-4A16-B1F3-38F07DFD93B0', 'C4990CE0-1779-4D41-A9D0-8E6DFFE44989', '006F387D-AB60-4E9C-AC3B-33DE3422BB41', 'A9B1AA79-FBB8-477B-A1F8-9656149400DB'),
    ('DF6CAB4A-8BC6-4AF7-B447-5241615AF154', 'Express', '2024-12-25', 9.0, '202 Birch St', 'Note 5', '2024-12-25', '2024-12-25', '2024-12-20', 'Completed', '139E498D-DCD7-4B36-8DF2-6E48A5E2BC17', 
		'Prepaid', 0, 0, '4C222B01-F1C5-4307-92A7-208E1FF2A80B', '324C2D1B-C56D-4FE0-B512-3B311C973CEF', '2C8583DF-135B-4796-9ED9-53F873D3218E', NULL, '74474CA5-5848-41E4-B2D6-758305045B60');

INSERT INTO Orders (oid, ship_method, complete_date, fee, address, note, actual_delivery_date, estimate_delivery_date, start_date, status, payment_id, 
    payment_type, total_value, total_quantity, uid, sid, csid, vid, tracking_number)
VALUES
    ('F621A442-BA5A-44B0-B4FD-1C21B3B61FAA', 'Standard', '2024-12-14', 7.5, '333 Cherry St', 'Urgent delivery', '2024-12-14', '2024-12-13', '2024-12-01', 'Completed', 'B1B6FCCD-1BFC-49DE-900E-BBB0BB91FDB4', 
        'Prepaid', 0, 0, 'F0C03192-568C-4E9D-A719-5681C1EA1C54', 'ACE7F94B-CB5A-40A9-A8D4-5467E44CE5E6', '01FD51A2-A1EB-40BD-AC32-25AE1F008287', NULL, '54D7C94C-A92B-48EA-ACEA-DE3CC162068F'),
    ('D99F189E-D0D4-46F0-8F01-3E7399187F3E', 'Express', NULL, 20.0, '404 Elm St', 'Fragile items', NULL, '2024-12-15', '2024-12-10', 'Processing', '8D0E330D-5B3E-4DF6-AF70-8C7CD80C92A4', 
        'Pay on delivery', 0, 0, '4E9C06F4-9CC0-4466-90BA-D24DDE3D9951', '0E598DA8-E985-44DD-9220-47F8C8A4EE3D', '47EBC16D-9859-4431-877B-7697CE05884E', NULL, '39F6DB6F-3EE0-4D2D-9279-E446CD4B4D9F'),
    ('D9167587-C00B-4630-8B73-3F4D8F4978B0', 'Free', '2024-12-18', 0, '555 Walnut St', 'Gift order', '2024-12-18', '2024-12-17', '2024-12-05', 'Completed', '4585EA42-34CF-45D8-B2B9-445B06AE25F7', 
        'Pay on delivery', 0, 0, 'BEC6E538-9B2F-4C3F-AD32-E18AE3255DB5', '9E6E3CAF-E34A-4E63-976F-5315BE32A4ED', '2C8583DF-135B-4796-9ED9-53F873D3218E', '18591A7A-37F7-4670-BA93-027D317B6BFA', '657F488A-00D3-4F26-BED5-C7EA96F82334'),
    ('993BD0FE-7457-4C08-BE80-4870DF6625B2', 'Standard', NULL, 10.0, '606 Cedar St', NULL, NULL, '2024-12-20', '2024-12-11', 'Shipped', 'C2BAF04E-E5BA-4B07-9E63-DEC7861D079B', 
        'Pay on delivery', 0, 0, '6A1902EC-83B5-4EF9-BEEC-D9EDA8780AD3', 'BFC4B204-D739-4935-9811-6D7763141554', 'C4990CE0-1779-4D41-A9D0-8E6DFFE44989', NULL, '3640388E-FC59-46DF-82FA-4C841ECEEE28'),
    ('B65AF02B-45B0-4220-A640-49BA720DDBCE', 'Express', '2024-12-30', 8.0, '707 Maple St', 'Perishable items', '2024-12-30', '2024-12-29', '2024-12-18', 'Completed', '81B86859-9913-4D90-95E3-29C2E46A29A1', 
        'Prepaid', 0, 0, '7BE96FB6-3D73-4CB0-8CA9-DB34828E98A6', 'CC2F44C8-0D28-4A0E-BAFE-C3643C321605', 'C4990CE0-1779-4D41-A9D0-8E6DFFE44989', '9F7BA563-538D-414B-867A-DDEBF4DA256E', '0202583C-FE21-4948-87FA-29CE8733FDE3'),
	('89BED95B-C41E-4958-8702-52575E1BC56A', 'Standard', '2024-12-15', 10.0, '123 Main St', NULL, '2024-12-14', '2024-12-13', '2024-12-03', 'Completed', '720DCD0F-72EF-4823-96BD-673244FC8334', 
		'Pay on delivery', 0, 0, 'B74E67B5-3FAA-4E14-8CC5-0741B34AC1F7', 'F130F211-3800-4819-A07A-08C684F5ABF1', '01FD51A2-A1EB-40BD-AC32-25AE1F008287', NULL, 'AFBB6DF3-9A5E-4C1C-963F-0587266A0FF0'),
	('E91D2EC0-392A-4BA5-8203-5D4FF865790D', 'Free', '2024-12-18', 0, '555 Walnut St', 'Gift order', '2024-12-18', '2024-12-17', '2024-12-05', 'Completed', '055CA592-F003-405F-A53A-24FE9C44B94C', 
        'Prepaid', 0, 0, 'BEC6E538-9B2F-4C3F-AD32-E18AE3255DB5', '9E6E3CAF-E34A-4E63-976F-5315BE32A4ED', '2C8583DF-135B-4796-9ED9-53F873D3218E', '18591A7A-37F7-4670-BA93-027D317B6BFA', '5FBE95A3-FB7F-41A2-96D6-EA88F68A5849'),
	('17AFDD24-F0B5-403C-8986-6D953B03205A', 'Free', '2024-12-17', 0, '5523 Walnut St', 'Gift order', '2024-12-17', '2024-12-17', '2024-12-05', 'Completed', '6CDD1DAB-75CD-4A23-A63F-4B8200A35181', 
        'Prepaid', 0, 0, '1E1E41F4-6861-4D46-9A95-3F964D21F2B5', '9E6E3CAF-E34A-4E63-976F-5315BE32A4ED', '2C8583DF-135B-4796-9ED9-53F873D3218E', '15E8D088-676F-401C-A692-5303D5666651', '0681210F-C276-4E4C-BCA2-4573B59F1B4C'),
	('349EE122-8886-4061-B81A-99C761D18704', 'Standard', '2024-12-14', 10.0, '5345 Main St', NULL, '2024-12-14', '2024-12-13', '2024-12-03', 'Completed', '563C9A1C-E340-4FD3-A54D-BAF2A9173439', 
		'Pay on delivery', 111, 0, '0752959D-355A-41E6-BCDD-62E3F60737F8', 'D981A200-5C95-4634-9954-2BA7672B3EED', '01FD51A2-A1EB-40BD-AC32-25AE1F008287', 'CE4A4623-680E-4124-BFEF-8FEBCB8D665E', '3B2DF805-9271-4A90-B112-B0C8A8F59335'),
	('C2C96375-05E0-420B-8BFE-B33C8A3EAB61', 'Free', '2024-12-28', 0, '555 Download St', 'Fragile', '2024-12-28', '2024-12-28', '2024-12-15', 'Completed', 'FE1548D5-D0A1-4C08-8241-C2FAE5605640', 
        'Prepaid', 0, 0, '47942346-733C-4317-A3BD-DDB2BDB17AA1', '36C787D6-F5C6-48D2-AFB4-E3442FFEE6E3', 'C4990CE0-1779-4D41-A9D0-8E6DFFE44989', NULL, '3C8EDC32-EA6A-4893-A9CA-1F6AF6ED9AB7'),
	('DEBD8F36-6E2E-4E70-AF3C-F11B82CBA7A7', 'Free', '2024-12-17', 0, '5523 Walnut St', 'Gift order', '2024-12-17', '2024-12-17', '2024-12-05', 'Completed', '7A59C5E3-5F7F-4F7D-B1D8-77A19E4E0722', 
        'Prepaid', 0, 0, '1E1E41F4-6861-4D46-9A95-3F964D21F2B5', 'EC2A67AC-C4D1-4EF0-A376-B424194D8848', '47EBC16D-9859-4431-877B-7697CE05884E', '15E8D088-676F-401C-A692-5303D5666651', '953747C4-5456-407C-A948-EB6F3D3227BE');

--SELECT o.oid, o.sid, p.pid 
--FROM Orders AS o
--JOIN Products AS p ON o.sid = p.sid;

--SELECT COUNT(Distinct oid)
--FROM Orders AS o
--JOIN Products AS p ON o.sid = p.sid;

--SELECT * FROM Orders;
--SELECT * FROM Order_Include;

--DELETE FROM Orders;
--DELETE FROM Order_Include;

INSERT INTO Order_Include (oid, pid, quantity, price) 
VALUES
	('4533210F-B8CB-473A-AF4E-0771B2175221', '0ECB3C30-31B2-4A03-A01E-3B7E6883F59E', 2, 0),
	('4533210F-B8CB-473A-AF4E-0771B2175221', 'B3C077E7-6B4A-4740-9603-6C0331B07FA9', 3, 0),
	('4533210F-B8CB-473A-AF4E-0771B2175221', '4BC9D214-855B-4449-8338-CE7DC6AD5B64', 1, 0),
	('F621A442-BA5A-44B0-B4FD-1C21B3B61FAA', '9C60FFAD-5CC8-4F2A-8C9F-22415091D070', 2, 0),
	('F621A442-BA5A-44B0-B4FD-1C21B3B61FAA', 'FEA1FC64-5653-418F-B853-DB468241A020', 3, 0),
	('D9167587-C00B-4630-8B73-3F4D8F4978B0', '732607FF-524C-42DA-9C47-2188505DE8FC', 1, 0),
	('993BD0FE-7457-4C08-BE80-4870DF6625B2', 'E1057FE0-4D00-4FF2-8557-41EEB885E7CB', 2, 0),
	('B65AF02B-45B0-4220-A640-49BA720DDBCE', 'F40B7540-CCD0-4A90-BC7C-1B514C368E5D', 1, 0),
	('DF6CAB4A-8BC6-4AF7-B447-5241615AF154', '2C1B545E-5234-4C48-9D8A-1D9A2300D361', 1, 0),
	('DF6CAB4A-8BC6-4AF7-B447-5241615AF154', '43B56C0F-EA24-49BA-88EC-E028004D35C5', 1, 0),
	('89BED95B-C41E-4958-8702-52575E1BC56A', 'EFDFEADD-438C-43A3-977E-292B9F8A7C76', 1, 0),
	('89BED95B-C41E-4958-8702-52575E1BC56A', '7B1D4D28-AE83-4B81-9EA9-3266F5040198', 2, 0),
	('89BED95B-C41E-4958-8702-52575E1BC56A', 'FB08A93F-21D2-4CE2-9B4B-427DF23FBBBD', 1, 0),
	('E91D2EC0-392A-4BA5-8203-5D4FF865790D', '732607FF-524C-42DA-9C47-2188505DE8FC', 1, 0),
	('E91D2EC0-392A-4BA5-8203-5D4FF865790D', 'FD96B90E-0D25-4766-AF36-8D7C5A5CD87D', 1, 0),
	('E91D2EC0-392A-4BA5-8203-5D4FF865790D', '131D5F61-81D9-4C0A-AE70-BF7E6C2A8A97', 1, 0),
	('D5563116-4614-417E-AE3C-6A5BEF5EF042', 'EFDFEADD-438C-43A3-977E-292B9F8A7C76', 2, 0),
	('D5563116-4614-417E-AE3C-6A5BEF5EF042', '7B1D4D28-AE83-4B81-9EA9-3266F5040198', 2, 0),
	('17AFDD24-F0B5-403C-8986-6D953B03205A', '732607FF-524C-42DA-9C47-2188505DE8FC', 1, 0),
	('17AFDD24-F0B5-403C-8986-6D953B03205A', '6CDF27EA-9E74-43AD-BD2B-887D1E9BB896', 1, 0),
	('349EE122-8886-4061-B81A-99C761D18704', '0ECB3C30-31B2-4A03-A01E-3B7E6883F59E', 1, 0),
	('349EE122-8886-4061-B81A-99C761D18704', 'B3C077E7-6B4A-4740-9603-6C0331B07FA9', 1, 0),
	('22B21A72-2773-4107-8E01-A46B6FD779EB', 'A3F5F881-A580-48D8-9FBA-64E546B7DE61', 1, 0),
	('C2C96375-05E0-420B-8BFE-B33C8A3EAB61', 'D00E13C5-9D7A-4235-BD4B-416F623409AF', 1, 0),
	('31267B5C-5C6C-4F4D-ACC3-F01EE7D7D120', 'A42BEE4C-7B42-4F08-B2DA-0B2C6C65754A', 2, 0),
	('31267B5C-5C6C-4F4D-ACC3-F01EE7D7D120', 'DB0D05F1-C189-4FE5-B026-EC8B609EA338', 1, 0),
	('DEBD8F36-6E2E-4E70-AF3C-F11B82CBA7A7', '1AB8CD31-925E-42FC-BFEB-0F76B3E8E2A4', 4, 0),
	('D99F189E-D0D4-46F0-8F01-3E7399187F3E', '1AB8CD31-925E-42FC-BFEB-0F76B3E8E2A4', 4, 0);

--SELECT * FROM Order_Include;

-------------------------------- Tao du lieu mau Reviews -----------------------------------
--DELETE FROM Reviews;


INSERT INTO Reviews (rid, create_date, image, comment, rating, uid, pid)
VALUES
('CB508704-9FDD-40A4-8EC9-0942FA6BCD30', DEFAULT, NULL, N'Nice!', 4, 'B74E67B5-3FAA-4E14-8CC5-0741B34AC1F7', 'A42BEE4C-7B42-4F08-B2DA-0B2C6C65754A'),
('A0A49B1D-8FC1-4B04-81F4-09A9F269D383', DEFAULT, NULL, N'Tuyệt vời.', 5, '978125C2-1459-46DC-8F1D-12E0E43F1063', '1AB8CD31-925E-42FC-BFEB-0F76B3E8E2A4'),
('AB239B1D-8FC1-4B04-81F4-09A9F269D381', DEFAULT, NULL, N'Tuyệt vời.', 1, '978125C2-1459-46DC-8F1D-12E0E43F1063', 'A42BEE4C-7B42-4F08-B2DA-0B2C6C65754A'),
('0017F72A-DE6A-4C77-8A38-0D0B5B3FCB9F', DEFAULT, NULL, N'Tạm ổn', 3, '00D15D09-AE0B-43B3-AD65-1CEF0C595E2C', 'F40B7540-CCD0-4A90-BC7C-1B514C368E5D'),
('63267B54-B368-48A6-837D-16E78C71A5DA', DEFAULT, NULL, N'Ngon', 5, 'CD56AB62-1C05-401C-B16B-1D41A1519EC0', '2C1B545E-5234-4C48-9D8A-1D9A2300D361'),
('FB675DE2-E58A-46BB-B208-1900C5E35ADA', DEFAULT, NULL, N'Tạm', 4, '4C222B01-F1C5-4307-92A7-208E1FF2A80B', '5789FF20-59B9-4546-B293-1FFD8614E355'),
('8DB638FC-34A3-436B-B197-25CFBCEA914A', DEFAULT, NULL, N'Chó gặm', 2, '5AAA4397-7C12-47E0-83A6-2B104E7F4C03', '732607FF-524C-42DA-9C47-2188505DE8FC'),
('27A9678B-3DC7-4C35-AB2A-5365E0D1E622', DEFAULT, NULL, N'Chất lượng cao', 5, '1E1E41F4-6861-4D46-9A95-3F964D21F2B5', '9C60FFAD-5CC8-4F2A-8C9F-22415091D070'),
('38C0CF08-89EC-4B22-9D26-5CA6E15B01D1', DEFAULT, NULL, N'Chấp nhận được', 3, '68FAEA19-81E1-46C0-928A-497BBDA7454F', 'EFDFEADD-438C-43A3-977E-292B9F8A7C76'),
('C17FA98A-5954-4A0C-8960-70671E8A3EEA', DEFAULT, NULL, NULL, 4, '138EC4BA-F781-4888-A19C-4DECD8B0C4F6', '8DA6A33E-3929-4F8B-827A-29E886424786'),
('9C1A14FD-2629-46D0-8004-7165C2EB9562', DEFAULT, NULL, N'Ng* thì mua', 1, '54A40A30-B51C-4082-AF18-542D9D643095', '130BF481-3848-445A-B562-31CC589265C4'),
('62CA17AF-3807-4493-992A-8323E5957018', DEFAULT, NULL, N'Tốt', 5, 'F0C03192-568C-4E9D-A719-5681C1EA1C54', '7B1D4D28-AE83-4B81-9EA9-3266F5040198'),
('0889B449-A315-43F6-A55B-871CD1C4B239', DEFAULT, NULL, NULL, 2, 'C51B0243-499E-4D81-AB79-583635379222', '0ECB3C30-31B2-4A03-A01E-3B7E6883F59E'),
('B2A38FD5-2C66-4C5A-ADCC-A9E53949E84E', DEFAULT, NULL, NULL, 4, 'F67509E4-E0E8-4363-99E7-62390F2CE185', 'D00E13C5-9D7A-4235-BD4B-416F623409AF'),
('F12F6DF4-9E4D-42EB-BA56-BAC982822C4B', DEFAULT, NULL, N'Tránh xa những người phế vật bỗng trở nên kỳ lạ, hay nói chuyện một mình, huơ tay giữa không trung, nhất là những người họ Lâm, Diệp, Trần, Tiêu', 3, '0752959D-355A-41E6-BCDD-62E3F60737F8', 'E1057FE0-4D00-4FF2-8557-41EEB885E7CB'),
('694AF686-EF21-48BC-9FBA-CDAF065D169A', DEFAULT, NULL, N'Đạo quỷ dị tiên', 1, '1C9BDB9B-13E7-4F43-A315-7BDF968DBE09', 'FB08A93F-21D2-4CE2-9B4B-427DF23FBBBD'),
('AE8F4F08-E2F8-4BED-9BA4-DCB07DCBDBF8', DEFAULT, NULL, N'Cổ chân nhân', 2, '4F618F2F-C11A-46F8-A37F-92A11F30AFF9', '27FB148A-173B-409E-A876-464148ECDDA9'),
('1B1756E5-31EF-4688-96FC-E3980D2A2C49', DEFAULT, NULL, N'Phàm nhân tu tiên', 5, 'F11B525F-6517-4216-9EAF-9E78BD75DB78', 'A3F5F881-A580-48D8-9FBA-64E546B7DE61'),
('CFE31E34-0C88-4FBF-A155-E6C13EAE8046', DEFAULT, NULL, N'Tiên nghịch', 4, 'E2F283F8-B3B6-495F-9F23-A59505211D65', 'ACCC574A-CD89-43B0-89FA-6A6292F11824'),
('3BF9B0F6-467D-4792-85FC-F04A2AEDAD06', DEFAULT, NULL, N'Tru tiên', 3, '86D2604F-4650-40BF-B171-A8E6E8849023', 'B3C077E7-6B4A-4740-9603-6C0331B07FA9'),
('CB2488F8-C5E9-4533-BBBB-F6E712C43324', DEFAULT, NULL, N'Kỹ sư điền trang bá nhất thế giới', 2, '4E9C06F4-9CC0-4466-90BA-D24DDE3D9951', 'CB0EAFA7-19B1-46A4-865D-773ECE151FA9');

SELECT * FROM Reviews
ORDER BY pid;
--SELECT * FROM Products


